Charchit Bansal, Sounak Mukopadhyay
Traders
ML-CUP24 V1
20/06/2025
1,-0.19119920821263514,-1.4965424890334789,29.225072588201996
2,-0.3825954810151834,2.050100948200293,23.29858932034785
3,0.47482117119628203,0.10419328199154515,-14.131292518781393
4,0.4523835084183153,-0.08319397405258888,-4.1982038282132645
5,-0.055162227953146396,0.05144700781318834,2.8215206212320947
6,-0.9989793556386303,-0.17176177895510997,21.429339095016765
7,0.2243951552484349,-0.4548031268428872,5.270073704139881
8,-0.4492947722384353,-0.4021495130543891,-6.281805369955643
9,-1.5866541142898198,-0.2084209820528673,15.451798188425059
10,-0.6381305750621943,0.5533797698792465,8.611080547793003
11,0.19904569263895305,-1.3673940813220686,29.548670467370815
12,-0.041114276490650296,0.7806561280036414,33.70133698806998
13,-0.9327838591876689,-2.1616397841383383,23.460506985305393
14,-1.8596115728867408,-1.1590931332000423,22.27514100656828
15,2.0486276628543463,-1.1948432022218316,24.40416129916105
16,0.2929743809413309,-1.3209729508679988,29.63989116355019
17,0.394991100523809,-0.0005636000103856897,-14.234173651639953
18,-0.1818369176569788,-0.016186824118819915,-0.7014953804474526
19,0.28021494509780365,0.39397667422547733,-18.279389517640023
20,0.5312082048558568,-2.3219584176072763,23.166655350139557
21,-0.5463760528067216,-0.8751934925835976,10.385909881397803
22,-0.22506835660186336,0.1779379863914482,2.6277772015956042
23,-0.5879797160175534,0.026423934725251536,-6.387180506910083
24,1.0889103399678848,-0.5534977914313988,11.916626267955065
25,0.2852185518269001,0.10963260898832883,-4.136441602374903
26,0.459524308625947,0.07911464302712759,-14.152795811299129
27,0.4803028292850359,0.5009169895644157,-14.200107219161566
28,0.4589679257711206,0.07828793465959014,-14.153326192256408
29,-0.028784337111443254,-0.4835725992406271,4.705231659853261
30,-0.2957864662353988,0.01803624281419186,-11.671718018052122
31,0.6708605952311529,0.20806954546808143,6.658904022636882
32,0.2313512519410898,-1.3522599370393842,29.578929741226442
33,-0.19794117087896723,0.09251251160218993,1.9851097382481875
34,-0.2386815528092598,0.11670558426305391,-11.879385376592747
35,0.07186454485237868,1.3869216428123048,14.293144975331359
36,-1.672618093168821,-0.8895666552627997,27.201121353043916
37,-0.16735360188084947,0.03515895913855263,1.8360662843572069
38,-0.12072310651643511,-0.21280882072008436,-15.74202046330154
39,-0.20805548809489438,-0.3501884511760214,-11.024991054972794
40,0.5276964058066843,0.2906139101548198,-14.066716960856517
41,1.8752776720162403,-1.4982321537725574,24.31368582690394
42,0.4172966683504407,0.6766015491470044,7.744482152650492
43,0.5778472207216577,1.7915508519031007,20.102107915789702
44,-2.1161296773209917,0.04831081061258896,21.99132437701861
45,-0.1519450796147437,1.4117185749514363,14.37261416398853
46,0.8162389179062409,-1.6894261889145186,18.235248484830542
47,-1.5970694171614355,-1.0593149620012268,28.062381570896047
48,1.1883822298990943,1.426570699502211,19.7320919604695
49,-1.6686865789866412,-0.9141062920637912,27.327594798372996
50,-0.11044169155262312,0.8155833222372281,7.839260869629773
51,-0.22711323455771426,-0.3407533027345298,-11.072344999593774
52,0.4553043807364263,0.07290129813090007,-14.156918421231449
53,-1.4236394473818357,-1.7215493077161055,22.643728265604935
54,-0.07804612662049895,0.08012642096784423,-1.5103564508661886
55,0.2580256209208068,1.8923365588157857,20.23687218216046
56,1.7392848921882604,0.48189298835568306,19.50570903532871
57,0.9079334410099371,-0.7691717955670727,11.736106397997865
58,-1.3275791932692573,-1.8000935150176267,22.761097433007382
59,-0.6447825022003585,-0.7796805012465248,10.240381515666776
60,-0.8651104835892353,0.14519619326270938,8.719691858406662
61,-0.8374580310556387,-0.43353646473550256,9.45382530475835
62,-0.14212566140381866,0.8171950703897384,33.85535852568522
63,-0.23273258415939024,-0.08112540112932268,3.9454361413026193
64,-0.17060192531439172,0.22490078156593024,-12.06999855422248
65,-0.4379183332355336,-0.41205498648873684,-6.271199759125311
66,-1.416153739756592,1.6351575781577856,20.66195200619184
67,1.4115191914874665,-1.5089763389287856,20.576049010512758
68,-1.5944562729040246,-0.20898015678263265,35.59940990425095
69,-0.3529808949279769,0.5053423721593501,-6.740577090532858
70,1.759326588059584,0.9872214238609898,23.996926992828534
71,-1.20557880304755,1.040586565170525,15.10998809872412
72,-0.22576942937074618,-0.3487131451773313,4.6019013453348165
73,-0.4248225386585439,-0.9683043470710135,10.567413137261031
74,-0.8860079817243666,-0.2971045347805575,9.187565495485602
75,1.7762348931104113,0.35861746132949,19.475535513862596
76,2.0707969145771075,-1.1354248666382833,24.41080428251373
77,0.07124849468014152,0.07741227644612994,-2.734997975288511
78,0.4038088935330856,0.6001061574970066,-14.236037248190893
79,0.2131083882797884,-2.3559861989147493,23.47886956944652
80,-0.23638516804387805,-0.08395528934878951,3.977973018438095
81,0.02916203458521477,2.068209887395949,23.228782558515274
82,0.6732893659655562,0.24638454126911546,-8.713698966828726
83,0.056075605007107704,0.48461494064625743,-12.800058890400624
84,0.6521508808190554,-1.0450215969586534,30.136242842970173
85,-1.645771801826528,-0.973939448271971,27.651874052246605
86,0.3667564400042383,-0.8955599511764267,35.94164861821328
87,-0.9393179780664858,-0.14396725071579586,21.102037971234402
88,-0.14987868233154406,-0.1799956790601036,-16.031173638922848
89,1.2610765962442907,0.15435958624552104,12.254706233974694
90,0.21855996649448706,-0.945368034096102,35.78940982094943
91,-0.3760131486777983,-0.9966668137139626,10.639310580230205
92,-1.667200916171347,-0.7891002994826429,26.667492759002606
93,0.485783555127317,0.12503445948965825,-14.112552841686995
94,-0.558690480789513,-0.9502570045681087,35.33320080166427
95,0.7279040723496598,0.17230742407737903,32.14259990529867
96,0.48955843986470576,1.2809047165348282,14.11514173614535
97,0.5218890996966432,-0.19413390848404877,6.579126339886102
98,-0.16499019868220333,-0.013064858441341032,-0.20985658180020117
99,-0.6435217900930269,-2.164118996464679,23.6284710745036
100,0.09286605312041309,0.1934204517593061,-17.308205247554632
101,-0.06403569481966526,0.122169289835453,2.7143780546679146
102,0.7290918993966001,0.1704541784410296,32.13876788845869
103,1.2616841248092368,0.2801641428199879,12.502841633878637
104,-0.404421215443159,0.7439719288288138,8.367156643277701
105,-0.8674473533391934,-0.35480505074642765,9.301763227053895
106,-0.09634192190020929,0.07932301992944046,-1.3200319277352435
107,-1.259736004976448,0.771881606653026,35.30084845717268
108,-0.9771848075035146,-0.7969487372934507,35.30006730179876
109,-0.22863467130113574,-1.0570304208427106,10.777367929616457
110,-0.15923634953373242,-0.997797008574811,35.51349709397055
111,0.44512048669587667,0.659164695556615,7.689018953211715
112,0.42791064118689487,-0.35318141854236956,6.238610609360109
113,-0.2891334096174508,0.5691011098652525,-6.932548938093271
114,0.43404213107058415,0.6830358355202668,-8.353027915463066
115,1.0936125982950533,-2.098527432376455,22.278051314890313
116,0.1721462820930929,-2.2728226668689633,24.105459836062398
117,0.836575093350175,-0.8351759925471336,11.700838447164909
118,0.6749695934825423,-2.2938429939469156,22.973650769569886
119,-0.3279343302434434,-1.0193886506501353,10.695740085797333
120,1.1506967999836843,0.6700784501236926,13.089961985809706
121,-0.29151339372880525,0.5669495018720999,-6.925003902423885
122,-1.407823681500984,0.7916388435045872,15.037875884739016
123,-0.20072245115439252,-0.3537123148840363,-11.002429030855456
124,0.046721015741947855,-0.19791567133520382,-15.152750757668574
125,-1.2375117667007265,1.7213293811064168,20.666649200510037
126,-1.1873341213652255,-1.2181195571243628,16.53557814522705
127,-0.47651023732457654,0.33333663552434756,-6.4487074322969935
128,-0.1340903222205838,-0.43966426083896615,4.743241161752472
129,0.9572227069515581,-1.6362060394330054,18.212563344450476
130,0.9969779984357504,0.8857633423129481,13.658454705945228
131,-0.3472685909902033,-0.0892141865487078,-11.504281381987624
132,0.5165107145720487,-0.09157758524540577,-9.004072331540108
133,0.30354711609456614,0.4491219013382026,-18.45222835795179
134,0.17805397314277127,-0.4770014721719921,5.1445879483823544
135,-0.8743368322762792,0.11711299159996347,8.728482809885932
136,0.27648849876377946,-0.28217300525762723,-9.500876302245398
137,0.7374570047107096,1.717093781050241,20.060566661146602
138,-0.005318868736813066,0.09030019166060194,-16.9704567203067
139,-0.2289736097417433,0.13312729086222053,-11.912714537081921
140,-1.3330023449925807,0.729149264563288,35.38574842505456
141,-1.3600803683545553,-0.5251810492485782,35.414781270931755
142,-0.13738938684543328,-0.12126231254142059,-16.3866786132356
143,-0.9115619205895192,-0.18503000382391394,8.925751085301098
144,-0.6986497948599741,-0.05189320448204636,19.86631512116915
145,-0.3806884387985729,-0.45312654710705785,-6.240776882355059
146,1.2074044509468793,-1.976423178884437,21.938723547436624
147,-1.448530171420979,-1.8141896501318655,23.160092931024103
148,0.8500695684354646,-1.6780535372466467,18.228170589709926
149,0.2974582559170697,0.4299431175338503,-18.394615960248927
150,-0.060351226283166914,0.048736342338567745,2.8500172873399867
151,0.6112100853329249,-1.0881496164435442,30.060564688053493
152,-0.8749106457677921,1.8400751654887606,20.666252438742035
153,-0.04667465519209377,0.05569015425355159,2.774876590280595
154,1.1491051446174922,-1.5266189517906479,18.27884992125262
155,-0.3686950912097721,-0.4592456734680333,-6.232693521691168
156,-0.1574851001310039,1.4120965582998133,14.373513549554723
157,-0.9958200825881772,-0.78724089917883,35.30217429566984
158,0.9822947597797279,-0.40585695647955733,16.35075435780147
159,0.42325863128598445,0.02384974472750978,-4.12594719618677
160,-1.1351718669517796,1.7602256040599087,20.67794876604261
161,-0.229709943904074,0.14298417708370847,2.309529509676045
162,-0.6067379396794708,-0.9383257422029341,35.32164406209246
163,0.4913669150755517,0.4788996700573741,-14.175195587712228
164,-0.1467329700084895,-0.5267137306305659,-5.916730827205026
165,-1.6939321598795452,-1.546752051387331,23.16946871845734
166,0.4868234061404652,0.4885269634562821,-14.18692376738208
167,0.9187527761617711,-0.7584458607684728,11.742428685643304
168,-2.2067283733863254,-0.10753969469860444,23.678101600149684
169,1.7184577494648157,-1.6620066658255148,24.306493680188705
170,-0.2210237238801009,-0.3439543731478094,-11.056517311930236
171,0.6396065926061602,0.03445167047757258,6.561050018924668
172,-0.17418124566369447,0.0470311181255037,1.8679961051393343
173,-0.5979555834959349,0.5951812903279692,8.55629157249828
174,-1.3870215405274287,0.8225267854278476,15.058313106793051
175,-0.15310031358345833,-0.3722129312837415,-10.741007564163443
176,0.6611051390873666,-1.0349557381825032,30.153890225250365
177,1.726100977244423,-0.8791437522553205,18.55674099060839
178,0.36366294022643486,-0.23305808085019872,-9.283239248036242
179,0.3700990638005433,1.3200434474659013,14.16442959715592
180,0.1958454869783866,0.666232872048395,33.31411460890904
181,-1.0186914405657832,1.8783556391727527,23.36878484325556
182,-1.4935599711225278,1.5857207899266688,20.687584470605053
183,-0.05954761826069637,0.8219019320776135,7.827491896688745
184,0.13957165700011398,-0.4647047524670746,-5.005814688882481
185,0.05627748927310794,1.3891530313555984,14.302441055410196
186,-0.18316606509183586,-0.5214958273786624,-6.030220900876692
187,-0.056893080508463735,0.023206505707087682,-0.2674559297079355
188,0.8632850390868211,-0.6746768209838866,30.69032731586407
189,-1.084580175840736,-1.4196745629370875,28.564286713121824
190,-2.0883242892373866,0.7345007786928254,23.66260221414013
191,0.5764846231683067,0.36581490128978184,32.567372477814615
192,0.675333966341809,0.22417793095178934,-8.75444232182388
193,0.05653564400427398,-1.1050340749055407,10.778675064783268
194,0.6128956691979512,-1.7476388456075522,18.278382452611318
195,0.898843606938313,-0.5037714066636906,30.944473792328946
196,1.0405995254551137,1.546751478791182,19.81939183468492
197,-0.23161420303471825,-0.08029617624826037,3.9356863259261745
198,1.8308155886793351,-1.5497541141531943,24.30862989915381
199,-0.9632872000573376,-2.147657925278783,23.422465907193164
200,-1.5373311622171588,-0.5072978826952129,15.743912274842158
201,0.4799278478981395,0.5015738446476428,-14.200521197401976
202,0.7426032799610494,0.14885190449212993,32.09438864261958
203,0.0794201061529901,-0.19004902980227623,-15.020028246438446
204,0.6915245069772621,-0.9391525238792923,11.605985524492356
205,-0.2122320209417704,0.15980628616958176,-11.97120841946807
206,-0.06613818051281888,0.04535536957239772,2.882229141421017
207,-1.5345638590425672,-1.726495307320787,23.16963027006683
208,-0.34036165007769575,-0.4719449118048442,-6.206092223011572
209,-1.1608651799782317,-1.393129295318119,28.506083382295678
210,-1.57743383473012,-1.569481528545104,22.521473238003864
211,-0.03539855353538809,0.061514094021203225,2.7143789055440655
212,-0.17885740446984455,-0.5222237768450412,-6.0219064114731875
213,-0.08414703732992962,-0.5258881707523553,-5.674115160180293
214,1.0556891817376066,1.6848682818425038,23.57057566879862
215,0.004285807558491818,-0.20515358034704312,-15.340676587097924
216,-1.4544095250874003,1.6117635736219476,20.674032214258055
217,-0.1392483345674951,-1.7635451721764708,17.74158811099561
218,2.1596569593384287,-0.7560483145954805,24.478548391637112
219,-1.2829904629735374,-0.5949580208798289,35.37811247478671
220,-0.14696690703560567,-0.015390827655610173,3.286370152239619
221,0.1361070365194319,-0.46619330077068843,-5.014122481147689
222,-1.6086533299270296,-1.0418798421694737,27.996970737332962
223,-2.0781695993340215,-0.865887644280445,23.3353050435623
224,0.18285405823594342,0.7874629814226888,7.96666728641869
225,0.3830312586172557,0.6172437674683673,-14.216096810492903
226,0.4890495565388658,1.281109056052156,14.115294542802815
227,0.5668587158153058,0.536280125876537,-8.36479228264345
228,0.9413260246596231,-0.7352139801946124,11.753273445148928
229,-0.20749129168879066,0.10564581465093928,2.0932065140889264
230,-0.11193426393182149,0.07142964718985631,-0.19389407278320014
231,0.1865832138390997,-2.272052728533713,24.111124235092543
232,-0.08143224357802906,-1.0917032847413424,10.795146797776074
233,-1.8366087310226273,1.2264946162586725,23.483612000878175
234,0.03410249586716589,0.7465368047603262,-8.09586188057413
235,-0.5909935748174873,1.8993108889196668,20.610580740072322
236,0.05134265444215891,-0.19678014839346675,-15.132966554090682
237,-2.203502077096468,-0.1868596092855616,23.649116789988135
238,-0.6502045957796374,1.8888567131894198,20.62869677980136
239,-0.9380997098176868,0.8808685160229068,34.92003400905354
240,0.37339458106536466,0.6237038731176477,-14.208997744001064
241,0.7959514834100389,-0.8386606149173892,30.46125070282613
242,-0.42916178391724147,-0.96556077810368,10.559923439986502
243,-0.6993067658961806,-1.5972300230916727,17.007296996826383
244,-0.09331534954787017,0.06762580855264633,0.049674452306522454
245,0.5274541955955934,0.31558528854516577,-14.06855384601089
246,0.887652304618891,-0.32334725900352,16.01064313895205
247,-0.17704409256986492,-0.36533741722448126,-10.861691906320747
248,-0.13626664178812462,0.16210365369758456,2.774880090307839
249,0.10093522807955559,-1.7943255629949895,18.003711776421905
250,0.21401207426077729,-0.9466210457092016,35.78492856576147
251,0.03950168227739695,-1.1043072885896352,10.778983417439497
252,-0.3231464031076159,-0.9894025263734091,35.420387014705824
253,-0.5875708739478723,0.03052865947082417,-6.3907933731322775
254,-0.2879209660197463,-0.20923267740881674,4.291407814792378
255,-2.0873457489189526,0.39467349063263624,21.86526294194963
256,0.3814940359054543,-0.01327393776653675,-14.2537172186106
257,2.1757665708034324,-0.6283072751863695,24.489306178563996
258,0.23837471071617378,-0.4487743811883355,5.334618527794054
259,-1.6969378645846616,-1.5431275154291781,23.169205065187214
260,-0.05864301067048551,0.0496596756486902,2.8405986983201394
261,-0.05986784905610537,0.027145908560217896,-0.23344350049546847
262,-0.6749417283685072,-0.9190176189212381,35.30871961210987
263,-0.9612624922266113,-2.024275013513334,23.255736785712553
264,0.03874173884448952,-0.5026540524159993,4.9183522407012354
265,0.27062890543909207,0.6378836088174296,-13.995212115589823
266,1.2374055451680595,-2.001142630759642,24.2730225895681
267,1.5656545670913848,-1.142064991326094,18.372927203398156
268,0.5203961008940563,0.21389008484369365,-14.077431434667549
269,-0.2448308195765217,0.10589097476722964,-11.858518459972728
270,-1.0050998821022756,-0.782299943546642,35.30334230193286
271,-0.8614367971331337,-0.3715349521603334,9.332429058949852
272,-0.0757998484360301,-0.0062256075039464065,-16.71930217057653
273,0.08584784978019878,-0.1883959917261125,-14.994903724295796
274,-0.2354105291736171,-0.3360177998581157,-11.095189747524802
275,-0.2643712270573746,-1.5081223228226943,29.154236300661083
276,-0.043080622409251416,0.8234191442317678,7.8402212267237665
277,0.6886830692713015,1.1806889696649403,13.979392193729101
278,-0.9051136787104394,-0.22230677534412396,9.028500254191147
279,0.44893263912733616,0.0637576586251988,-14.163564225892557
280,0.12260654176557252,-1.400045637821165,29.481084606169322
281,0.31500549689302626,0.10161111676753048,-4.128467656127418
282,0.35442566812606735,-0.3194137524562721,-4.470207962157859
283,-1.5918235277672137,0.1569576354596403,15.185700919451257
284,-0.4924484485735316,0.6890132689364152,8.453762053588425
285,-0.18120012968878774,0.17462462143585228,2.732095295684018
286,1.6046441562636191,0.8346153718562163,19.528712770351902
287,-0.32251289023699,0.866207839740428,34.11746804830056
288,-0.12259392798706885,-1.766432125986355,17.760548687625715
289,0.4305270847446102,0.012583036358835287,-4.124679254933691
290,0.004034341317513845,0.7369908903134411,-8.017832974817338
291,0.6556032930843378,0.07427000855661262,6.600338719886242
292,-0.12094919058959527,-0.08039506061091657,-16.504394146776715
293,-1.6504199642714865,-0.9634885783886187,27.59659599775705
294,-1.077925976722625,-1.3292833678346399,16.646927458398473
295,0.07373437440272047,0.7562436944321375,-8.191455897276555
296,0.2289493303801724,-1.091989816297143,10.864682706383386
297,0.0856488515579175,-0.18844809698688403,-14.99567852761556
298,-0.606650358157099,-0.025761868267870996,19.43266445714463
299,0.6704799777876673,0.2048644639489528,6.6491143685366145
300,1.2479586987488582,0.389701553895873,12.666202240877027
301,0.28824597239377175,1.3420428590641569,14.197542629510592
302,-0.8802870742533381,1.8387254686970909,20.666529795136725
303,-0.11793453675216292,0.1542747239276181,2.774152217555166
304,0.526381072354572,0.3358899373537981,-14.072785555651837
305,0.4255464729842539,0.6715613178540485,7.724660641364658
306,-0.032068712999197335,-0.21401319189845497,-15.429223687159329
307,1.660159999834911,-1.71329013555631,24.30727266048102
308,-0.14546681769227204,-0.18990876654896344,-15.96001861530246
309,-1.4399047699474836,0.647665106825995,35.50990784217015
310,2.001928017437545,-1.2951245243708212,24.370709770872793
311,-0.26138305233553555,0.8518607945024937,34.030343893737175
312,-0.24047110049803228,-1.0532188324834704,10.770971973903933
313,-0.4274860590776506,-0.42056530003462833,-6.263066869598157
314,0.12869049412790884,-0.469326108290548,-5.032070342084872
315,1.8569392501514403,0.8270346679541972,24.10673165546739
316,-0.10042847485859785,-0.9959882740377459,35.546026489018494
317,-0.2192500781747368,0.12654682569800318,2.2204732264116815
318,2.1355967376657157,0.04718511200216885,24.4452825991811
319,0.03680011107463012,0.46664488405039783,-12.71076028241379
320,-1.593860332367511,-0.1397311389880018,15.371042086125103
321,0.504755351097781,-0.22749443038563696,6.616391299445576
322,0.7324912821669715,-2.188506452165397,24.244035945023263
323,0.16582824503211469,-0.45289630392607066,-4.944420675058451
324,0.327396297012981,0.6426370764844999,-14.121635147378495
325,0.5830863981070618,0.5285918475506487,7.27880085839473
326,1.7203184138005676,-0.8906778673361996,18.54868947095231
327,-0.3573087328211493,-0.1846007066305371,-11.349833267363653
328,0.5338287470708902,0.5875758399541081,7.442503585887464
329,1.7474179945356625,0.456193706775752,19.50033033653586
330,0.368209841908253,-2.34405663633241,23.34530025044798
331,-0.07981537880157133,0.08011258755976491,-1.4927641851699889
332,-0.23725552110093673,-0.33433444351166175,4.585668631968623
333,-1.1788888671242719,-1.3863175480820165,28.491538407048097
334,-2.1175468754781717,-0.12336469485667179,22.021491946842172
335,-0.4053994426886973,-0.4370237153285505,-6.2500971484809575
336,1.799905350767294,0.9275294588781622,24.027355378057642
337,0.2358363981253041,0.11687516412301702,-4.156546541657825
338,0.4500379920042326,-0.11743192028836343,-4.219397669202481
339,0.2594994848880955,0.3682247101897007,-18.127818892609
340,-0.05133695369104633,0.11257968364862422,2.6879545504943216
341,0.623914290519153,0.0002463134891456109,6.531086884248241
342,0.008189887037859604,0.08030975821830033,-2.2689460912440023
343,0.2381478641191433,0.11669506390913703,-4.155435214546687
344,-0.3899047642986882,-0.4474752740941446,-6.24391571958358
345,-0.1992439988523893,0.8349148651105931,33.940035019176605
346,-0.2723019288146267,0.05370626853150623,18.080285568201415
347,-0.2874089072804151,-0.2004088868441804,4.294616563270054
348,-0.6387630353762149,0.5526843136754905,8.61183823506524
349,0.4401963436251683,1.2991594001059408,14.130611682013825
350,-0.8973085914151716,0.046006550842068034,8.72981200502357
351,0.3680104625520948,-0.3024274079144964,-4.434103600596071
352,-0.3843566641268569,-0.9822878158058783,35.39268742935802
353,0.6322971881288446,0.41326953633645647,-8.46511923684361
354,-0.5117778183631968,-0.004004945975304028,19.007220276483956
355,-0.15118587663942668,-0.13517351566869185,-16.30833815617037
356,-0.13030525156826084,-0.0428946271286101,-1.0334074104017326
357,2.1853161050295116,-0.486087526657848,24.500268863376085
358,1.8665206909212755,-0.44428183767248425,18.835743419141952
359,0.5173598702902997,-0.09055445655819785,-9.002957152547133
360,-1.337343033178833,0.7263269284869622,35.39077406790342
361,1.2550837353049127,0.038465739033994084,12.126114412031164
362,-0.12400254673291643,-0.5281021821666801,-5.823797598182976
363,-0.8417659400967212,1.2898614698809583,14.781663463744934
364,0.9025478189365553,-0.33663260969988057,31.2095867233838
365,-0.061904226451179094,-1.4631060801068407,29.33362155444065
366,-0.7509987505338973,0.3995745874690414,8.71009631821111
367,0.6709784365352827,0.19714538596865944,6.64831210904588
368,-0.12635495990078371,0.07413896635119321,-0.7836044030048104
369,0.1262238001876742,-0.1765424064254463,-14.842100634202193
370,2.1079539255190642,0.1712386491040772,24.416790677970347
371,-0.3578724743004028,-0.18258435106599358,-11.35378449601837
372,-0.21358036108124978,0.11674258391100015,2.163610414089163
373,-0.2886256226292218,-0.17765634706410394,4.307912449959252
374,-1.055139188756397,-1.4288308597706918,28.585457666454374
375,-0.06130585997168994,0.015790933453937728,-16.776456223934478
376,1.3726201333864334,-0.9707225718695415,18.669844550910476
377,0.3296799003813221,0.09586147285907634,-4.127791906286793
378,-0.1459856028797134,-0.5267860358538119,-5.913556303782313
379,-0.872405421002625,0.12346892292631628,8.726068999354817
380,0.5038674679675874,-2.2355004196135084,24.214692169880543
381,0.11950679684716918,0.7618142132390632,-8.26216994988835
382,-0.3866268870440762,0.4659869589488087,-6.6491129660781585
383,-1.334433987812974,-0.5495436989058137,35.401656027004535
384,-1.5803748980650527,0.26404816761058697,15.126169701258057
385,0.005427241676163395,0.08019477740800487,-2.2479112478224916
386,-1.6507563875121716,-0.06483592864879555,35.68360468922036
387,-0.02730860709795105,-1.4526769157684734,29.361744395702758
388,0.5113063671738785,0.6109773432635183,-8.33784417336281
389,0.2997257243074654,0.4369517030826626,-18.415035313958263
390,-1.649210573429327,-1.4793617410011195,22.48285460321408
391,-1.3635283253316617,-0.3796979345377919,23.673672241558023
392,-0.19938711166431228,0.1802361019040647,-12.001860489282944
393,-0.14051938373408046,-0.19764838345889962,-15.898858807379092
394,-1.5790256331367527,-0.26908263633816143,15.518906377951158
395,-1.4091799236489828,-0.8899184806649162,16.10540036722871
396,-0.03432041244058959,-1.0985982715124814,10.78289545832134
397,0.23890573534437343,0.3436005995052251,-17.991641468245025
398,-1.7665727899206423,1.2794527244356624,21.104145072376593
399,-0.9389346658816903,0.8807123460143804,34.92104837794521
400,-1.667546835252612,-0.7907300978821767,26.676503616517223
401,-0.062017880270269214,0.3654175176809493,-12.36889553179908
402,-0.2041638194323735,0.10139238574164672,2.0595631226485915
403,-0.40387473332314744,-0.43808959309436685,-6.249390329369085
404,0.717923795777119,1.1609213153830333,13.957717517436528
405,-0.8760614495802765,-1.4939313325129036,16.817606901084545
406,0.10246667917055406,0.07238766887501846,-2.9593920610137854
407,-2.195963380796949,0.24189178550416174,23.812285194984412
408,-2.128318604333618,0.5914636268491072,23.733929515527194
409,-0.7588706224902927,1.9777782728387197,23.31311841266873
410,-0.17934525289560238,0.05605082729698402,1.8884483029247905
411,0.09859729552978937,-0.184933035980097,-14.945667020344434
412,-1.872504700932627,-1.134914055415577,22.261510678601276
413,-0.1327352585522581,-0.9973048240541379,35.52821589748073
414,0.3512793223463704,-0.24114412897110035,-9.311437408747224
415,-0.07076442333508819,0.3554398854635741,-12.342696974370316
416,0.8960795481527798,-0.5260208331173258,30.910452008466105
417,-0.7243370010726475,0.44264749267179204,8.694992398613435
418,0.7881296665157081,-0.22193258891303813,15.730614349225442
419,-1.8272985466098828,-1.3653855481439057,23.177996555907015
420,0.5789960383222922,0.516934452684581,-8.376277938249835
421,-0.22751749554639888,-0.5120801468320693,-6.122309211234114
422,0.09563476690809304,-0.18575970023975255,-14.95703708852962
423,-1.1598167067958713,-1.2484882058693967,16.556684430018098
424,-0.22964173615112815,2.0647230048420973,23.277678828535063
425,-0.37315480567581555,-0.998189994870365,10.642841252517691
426,-0.12396490635232117,-0.08663353151560342,-16.485676480241203
427,-0.33313720612053244,-0.9883876861060743,35.41561387074225
428,-0.7589565352867095,-0.6002256784019946,9.754653066965727
429,-0.1308376299851728,-0.04275213722360573,-1.0314392413588642
430,0.6104589127909562,0.05309695636197004,-8.857430782179694
431,0.4507134917075064,-1.7818951648383974,18.308487797729946
432,-0.5189716598435459,1.3920214242242548,14.46279858149975
433,2.170280816704157,-0.1971544226964853,24.49781599501021
434,0.05245164807916265,-0.3655565179327974,-9.99274507197218
435,-0.2198609775685737,0.1275322163338774,2.22598409606041
436,-0.18685042645143513,-0.36167213630929035,-10.915224464619328
437,0.8883174024209729,-0.3238989526251639,16.012948205388533
438,-0.164739301426684,-0.013010571916552846,-0.2030938147671435
439,0.43795338291278657,-0.17224114623600523,-4.2556350715352895
440,0.2606291466788048,0.3696926522438563,-18.136034285528435
441,-2.1963546617212564,-0.29367152719748046,23.603227536230687
442,-0.8469761356185941,-0.4094353928167,9.401248385898281
443,1.1729039814839606,-0.3759932931932173,11.991213354035958
444,-1.588892949386269,-0.6083943361579616,25.537227325524057
445,-0.3690716814460766,-2.240827508375559,23.913650909348945
446,0.5962736189310316,1.7841512955311007,20.093697652763396
447,0.6753760178708713,0.2236656408642897,-8.755396859798346
448,1.1996786647470983,0.5622273281277573,12.926742292203684
449,-1.6335879345674267,0.3807101683406434,35.696196448813296
450,-1.5980957305358992,-0.03589962558262441,15.306183817288487
451,-1.9385521167608848,-1.1880578716146788,23.183676665012246
452,-0.7911588431740524,-0.8794508294036523,35.29598949767861
453,-1.0155175469639288,-1.4404973993807832,28.61304454885885
454,-0.3100292309660151,0.5496465192984888,-6.867290987162292
455,-0.1553673796872713,-0.15594538695642154,-16.185148691095755
456,0.5790848241917712,0.5339667627631686,7.285673270751291
457,0.08928192754106536,0.1901314469317869,-17.295510737778308
458,-0.3975117340433961,0.7474193700627609,8.361009626468846
459,-1.280788484969739,0.7604930410122315,35.325269772163054
460,-0.17791022567640274,-0.5223795837883565,-6.020092567839791
461,-0.196267067128987,-0.05179289392606924,3.628271766754514
462,0.5213658563049912,-0.1952682946002277,6.580589041693121
463,0.9160776180789724,-2.2186820898003043,22.574552743575815
464,0.01601920747590107,-2.357960925418645,23.60994102846623
465,0.5295355715651404,0.5921475409371632,7.460908980555528
466,-0.07225761242435454,0.041509572116423005,2.915664035710824
467,0.5732314967379657,0.36927566074878415,32.57547800286527
468,1.900242752487172,-1.4656142815899882,24.31995687722265
469,1.5940797240790112,-1.7680633105536505,24.30443751093639
470,-1.0034119469797638,0.8669226105144637,34.99890926435987
471,-0.42186542702917135,-0.9701526887936677,10.572411535650879
472,-1.9399710023850119,1.080486570275896,23.492353103550062
473,0.5495832600729924,0.5699317318416188,7.37217516973001
474,1.0294769066950826,-0.4502564161164239,16.529673337452465
475,-0.24495088213863064,-0.09161442308119105,4.060134549055332
476,1.6726003179521973,-1.7025879916949829,24.307372950538895
477,-1.3287720074776308,-0.5547594838571254,35.39888740632583
478,0.45889326895645105,-1.0490663898217631,11.313741740906787
479,0.49450447237628287,-0.2515445423782293,6.600100894846362
480,-0.0767917156949052,0.7046987757806723,-7.787393762687103
481,-0.02020432798839883,-0.03482428814830438,-0.877844801556158
482,0.013725787712074708,0.44389834660636185,-12.609316207582868
483,-0.04173388895323865,0.1047920728689892,2.6648274183543617
484,-0.10273312613771185,-0.046555851754738226,-1.0998167445410925
485,-0.1307745418415868,0.007148987822086145,0.8876565242467409
486,-1.0292926967107503,-2.114868851164373,23.368001818785984
487,0.9410988759399677,-0.7354528339973023,11.753110633957851
488,0.31233477073795846,-1.0824063733489395,11.05086072325205
489,0.16065139000910222,2.058362791320369,23.205483641803283
490,-0.2402757556780194,0.11393417194177702,-11.873956769505085
491,0.42863863188773915,-1.7855016676706463,18.306656823296713
492,-0.15354251261017893,0.026354553753308002,1.67272924865458
493,-0.16561434971782385,-0.027481224150202696,-0.8390193980246181
494,-0.4696653645101452,1.4005060361060355,14.43914306949949
495,-0.8922924923664064,-0.1235704777981184,20.85042930553029
496,0.2801025596172686,0.7528414995222011,-8.412425258978686
497,0.1113136359472038,1.918323142371012,20.292986371922584
498,0.44958244110313,-1.2241935817524896,29.819171619308552
499,0.25819565599094135,0.7570022119834602,-8.409006298469158
500,0.14218406716015608,0.07256799184642496,-3.4594915610359394
